computer science,computer crime
countries,country music
art and cultural repatriation,"arts, culture and entertainment"
sports entertainment,arts and entertainment
art center,arts and entertainment
artix entertainment,arts and entertainment
arts and culture templates,"arts, culture and entertainment"
tms entertainment,arts and entertainment
arts and culture navigational boxes,"arts, culture and entertainment"
art and culture law,"arts, culture and entertainment"
arts and culture sidebar templates,"arts, culture and entertainment"
